{
    "comandos": {
        "ajustes": {
            "prefix": {
                "variable1": "❌ Tienes que especificar el prefijo nuevo para el Bot!",
                "variable2": "`✅ Cambiado el Prefijo de \\`${prefix}\\` a \\`${args[0]}\\``"
            },
            "set-language": {
                "variable1": "`❌ Tienes que especificar el idioma nuevo para el Bot!\n**Idiomas disponibles**: ${idiomas.map(idioma => `\\`${idioma}\\``).join(', ')}`",
                "variable2": "`❌ Tienes que especificar un idioma válido para el Bot!\n**Idiomas disponibles**: ${idiomas.map(idioma => `\\`${idioma}\\``).join(', ')}`",
                "variable3": "`✅ Cambiado el Idioma de \\`${idioma}\\` a \\`${args[0]}\\``"
            }
        }
    }
}